{"assets/fonts/roboto/Roboto-Black.ttf":["assets/fonts/roboto/Roboto-Black.ttf"],"assets/fonts/roboto/Roboto-BlackItalic.ttf":["assets/fonts/roboto/Roboto-BlackItalic.ttf"],"assets/fonts/roboto/Roboto-Bold.ttf":["assets/fonts/roboto/Roboto-Bold.ttf"],"assets/fonts/roboto/Roboto-BoldItalic.ttf":["assets/fonts/roboto/Roboto-BoldItalic.ttf"],"assets/fonts/roboto/Roboto-Italic.ttf":["assets/fonts/roboto/Roboto-Italic.ttf"],"assets/fonts/roboto/Roboto-Light.ttf":["assets/fonts/roboto/Roboto-Light.ttf"],"assets/fonts/roboto/Roboto-LightItalic.ttf":["assets/fonts/roboto/Roboto-LightItalic.ttf"],"assets/fonts/roboto/Roboto-Medium.ttf":["assets/fonts/roboto/Roboto-Medium.ttf"],"assets/fonts/roboto/Roboto-MediumItalic.ttf":["assets/fonts/roboto/Roboto-MediumItalic.ttf"],"assets/fonts/roboto/Roboto-Regular.ttf":["assets/fonts/roboto/Roboto-Regular.ttf"],"assets/fonts/roboto/Roboto-Thin.ttf":["assets/fonts/roboto/Roboto-Thin.ttf"],"assets/fonts/roboto/Roboto-ThinItalic.ttf":["assets/fonts/roboto/Roboto-ThinItalic.ttf"],"assets/icons/icon192.png":["assets/icons/icon192.png"],"assets/icons/icon512.png":["assets/icons/icon512.png"],"assets/imagens/esqueciasenha.jpg":["assets/imagens/esqueciasenha.jpg"],"assets/imagens/fundo.png":["assets/imagens/fundo.png"],"assets/imagens/logo.png":["assets/imagens/logo.png"],"assets/imagens/logosotexto.png":["assets/imagens/logosotexto.png"],"packages/cupertino_icons/assets/CupertinoIcons.ttf":["packages/cupertino_icons/assets/CupertinoIcons.ttf"]}