[{"family":"MaterialIcons","fonts":[{"asset":"fonts/MaterialIcons-Regular.otf"}]},{"family":"Roboto","fonts":[{"asset":"assets/fonts/roboto/Roboto-Regular.ttf"},{"asset":"assets/fonts/roboto/Roboto-BlackItalic.ttf"},{"asset":"assets/fonts/roboto/Roboto-Black.ttf"},{"asset":"assets/fonts/roboto/Roboto-BoldItalic.ttf"},{"asset":"assets/fonts/roboto/Roboto-Bold.ttf"},{"asset":"assets/fonts/roboto/Roboto-Italic.ttf"},{"asset":"assets/fonts/roboto/Roboto-LightItalic.ttf"},{"asset":"assets/fonts/roboto/Roboto-Light.ttf"},{"asset":"assets/fonts/roboto/Roboto-MediumItalic.ttf"},{"asset":"assets/fonts/roboto/Roboto-Medium.ttf"},{"asset":"assets/fonts/roboto/Roboto-Regular.ttf"},{"asset":"assets/fonts/roboto/Roboto-ThinItalic.ttf"},{"asset":"assets/fonts/roboto/Roboto-Thin.ttf"}]},{"family":"packages/cupertino_icons/CupertinoIcons","fonts":[{"asset":"packages/cupertino_icons/assets/CupertinoIcons.ttf"}]}]